_id,FirstName,LastName,Email,Phone,Street,City,State,ZipCode,CountryCode,TimeZone,JobTitle,Org,manager,HRrep
101,Mary,Jane,mary.jane@acme.com,408-876-5309,111 Main Street,San Jose,CA,95029,US,America/Los_Angeles,CEO,World Wide,null,115
103,Serena,Gant,serena.gant@acme.com,408-876-1212,45 Rockefeller Plaza,New York,NY,95029,US,America/New_York,Vice Presdient,Human Resources,101,115
115,Jeff,Bridges,jeff.bridges@acme.com,408-876-9090,111 Main Street,San Jose,CA,95029,US,America/Los_Angeles,Salesperson,HR Representative,103,103
102,Lil,Harrison,lil.harrison@acme.com,408-876-1234,111 Main Street,San Jose,CA,95029,US,America/Los_Angeles,Vice Presdient,Operations,101,115
104,Dan,Summers,dan.summers@acme.com,408-876-2424,45 Rockefeller Plaza,New York,NY,95029,US,America/New_York,Vice Presdient,Finance,101,115
105,Bill,Spears,bill.spears@acme.com,408-876-5555,45 Rockefeller Plaza,New York,NY,95029,US,America/New_York,Vice Presdient,Engineering,101,115
106,Tom,Peters,tom.peters@acme.com,408-876-7777,111 Main Street,San Jose,CA,95029,US,America/Los_Angeles,Vice Presdient,Sales,101,115
107,Karen,Gill,karen.gill@acme.com,408-876-8888,45 Rockefeller Plaza,New York,NY,95029,US,America/New_York,Director,Sales - APAC,106,115
108,Kevin,O'Brien,kevin.obrien@acme.com,408-876-1313,111 Main Street,San Jose,CA,95029,US,America/Los_Angeles,Director,Sales - LAD,106,115
109,Sean,Connery,sean.connery@acme.com,408-876-2424,45 Rockefeller Plaza,New York,NY,95029,US,America/New_York,Director,Sales - EMEA,106,115
116243582515871714244,Raj,Mahal,raj.mahal@acme.com,209-505-8988,111 Main Street,San Jose,CA,95029,US,America/Los_Angeles,Director,Sales - NA,106,115
111,Tom,Brady,tom.brady@acme.com,408-876-4545,111 Main Street,San Jose,CA,95029,US,America/Los_Angeles,Salesperson,Sales - NA - Western Region,116243582515871714244,115
112,Noah,Stapelton,noah.stapelton@acme.com,408-876-5656,111 Main Street,San Jose,CA,95029,US,America/Los_Angeles,Salesperson,Sales - NA - Eastern Region,116243582515871714244,115
113,Molly,Harding,molly.harding@acme.com,408-876-6767,45 Rockefeller Plaza,New York,NY,95029,US,America/New_York,Salesperson,Sales - NA - Mountain Region,116243582515871714244,115
114,Rob,Gronk,rob.gronk@acme.com,408-876-7878,45 Rockefeller Plaza,New York,NY,95029,US,America/New_York,Salesperson,Sales - NA - Central Region,116243582515871714244,115
,,,,,,,,,,,,,,